{"cameraMode":{"drawMode":0,"name":"Shaded","section":"Shading Mode"},"sceneLighting":true,"audioPlay":false,"sceneViewState":{"showFog":true,"showMaterialUpdate":false,"showSkybox":true,"showFlares":true,"showImageEffects":true,"showParticleSystems":true},"in2DMode":false,"pivot":{"x":535.7999267578125,"y":968.0999755859375,"z":0.0},"rotation":{"x":-0.023997696116566659,"y":-0.001498732133768499,"z":0.00003597042086767033,"w":-0.9997109174728394},"size":1814.483642578125,"orthographic":false}