{"cameraMode":{"drawMode":0,"name":"Shaded","section":"Shading Mode"},"sceneLighting":false,"audioPlay":false,"sceneViewState":{"showFog":true,"showMaterialUpdate":false,"showSkybox":true,"showFlares":true,"showImageEffects":true,"showParticleSystems":true},"in2DMode":false,"pivot":{"x":867.5999755859375,"y":974.9400024414063,"z":0.0},"rotation":{"x":0.013499287888407708,"y":-0.005998618900775909,"z":-0.00008099133992800489,"w":-0.999890923500061},"size":179.4569549560547,"orthographic":true}